type,area,sfid,address
順豐服務中心,上環,852M,香港上環文咸東街91號及永樂街117號文樂商業大廈地下A號舖
順豐服務中心,上環,852MA,香港西營盤朝光街4A號兆祥坊A2地下
順豐服務中心,上環,852MB,香港中環德輔道中21至23號歐陸貿易中心9樓902B室
順豐服務中心,港島東,852P,香港炮台山宏安道18號威德閣地下13號舖
順豐服務中心,港島東,852PA,香港鰂魚涌英皇道1065號東達中心19樓3A室
順豐服務中心,港島東,852PB,香港柴灣嘉業街10號益高工業大廈地下B室
順豐服務中心,灣仔,852T,香港灣仔謝斐道404-406號文石大廈地下A及B號舖
順豐服務中心,灣仔,852TA,"香港灣仔聯發街9, 11-13號莊士頓大樓地下D舖"
順豐服務中心,灣仔,852TB,香港黃竹坑香業道6號及業發街6號益年工業大廈地下A2號舖
順豐服務中心,灣仔,852TC,香港灣仔謝斐道182號地下
順豐服務中心,灣仔,852TD,香港銅鑼灣希雲街15號地下
順豐服務中心,九龍灣,852H,九龍九龍灣宏泰道12號榮發工業大廈地下5號舖
順豐服務中心,九龍灣,852J,香港九龍新蒲崗五芳街28號 / 四美街21-25號利森工廠大廈地下4號A鋪
順豐服務中心,尖沙咀,852E,九龍尖沙咀漆咸圍6號及8號紀德樓地下
順豐服務中心,尖沙咀,852EA,九龍佐敦廟街271號地下(連閣樓)
順豐服務中心,尖沙咀,852EB,九龍尖沙咀麼地道75號南洋中心地下60-66號舖
順豐服務中心,旺角,852B,九龍太子大南街26號地下
順豐服務中心,旺角,852BA,九龍旺角汝州街58號
順豐服務中心,旺角,852BB,九龍油麻地廣東道831號金華大廈B座地下B1舖
順豐服務中心,旺角,852BD,九龍福全街17-19號地下AB1鋪
順豐服務中心,紅磡,852K,九龍紅磡鶴園街2G號恒豐工業大廈二期地下D3號舖
順豐服務中心,觀塘,852C,九龍觀塘偉業街170號豐業工業大廈B地舖
順豐服務中心,觀塘,852CA,九龍觀塘鴻圖道80號鴻圖工業大廈地下1號舖
順豐服務中心,觀塘,852CC,九龍觀塘偉業街145號越成工廠大廈地下
順豐服務中心,觀塘,852CD,九龍觀塘成業街6號泓富廣場7樓708室
順豐服務中心,荔枝角,852D,九龍荔枝角永康街24-26號順昌工業大廈地下A舖
順豐服務中心,荔枝角,852DB,九龍荔枝角永康街37號福源廣場地下A2舖
順豐服務中心,葵涌,852L,新界葵涌大連排道葵昌路1-7號禎昌工業大廈地下C舖
順豐服務中心,葵涌,852LA,新界葵涌打磚坪街68號和豐工業中心地下6號6B室
順豐服務中心,葵涌,852LB,新界葵涌葵豐街18-26號永康工業大廈J座地下
順豐服務中心,沙田,852F,新界沙田火炭坳背灣街53-55號美高工業大廈地下B室
順豐服務中心,沙田,852FE,新界沙田黃竹洋街1-3號裕昌中心地下E室
順豐服務中心,荃灣,852G,新界荃灣沙咀道26-38號匯力工業中心地下7及8B舖
順豐服務中心,荃灣,852GA,新界荃灣灰窰角街34號毓光工業大厦地下A號舖
順豐服務中心,屯門,852U,新界屯門河田街4號凱昌工業大廈地下A及B舖
順豐服務中心,元朗,852UA,新界元朗宏業東街18號宏業工貿中心地下L及L1舖
順豐服務中心,粉嶺,852A,新界粉嶺業豐街20號利亨中心地下3室
順豐服務中心,大埔,852AA,新界大埔同茂坊1及3號北翼地鋪
順豐站,香港仔,852TAL,香港香港仔湖北街12號裕景中心9樓1室
順豐站,香港仔,852TBL,香港薄扶林華富道18號華富(一)邨華安樓119號舖
順豐站,鴨脷洲,852TCL,香港鴨脷洲鴨脷洲大街42-44號地下1號舖
順豐站,筲箕灣,852PAL,香港筲箕灣南康街17號天悅筲箕灣廣場1樓1142及1143號舖
順豐站,西環,852MAL,西環厚和街28號順昌大廈地下C舖
順豐站,西環,852MCL,香港西環西祥街2號寶翠閣地下9號舖
順豐站,北角,852PBL,香港北角英皇道480號豐富商場地下8號鋪
順豐站,北角,852PDL,香港北角英皇道255號國都商場2樓202及203號舖
順豐站,天后,852PJL,香港天后英皇道14號僑興大廈天后蘋果商場地下G05及G15號舖
順豐站,柴灣,852PCL,香港柴灣祥利街29號國貿中心5樓1室
順豐站,柴灣,852PKL,香港柴灣道341-343號宏德居B座商場1樓B舖及C舖
順豐站,柴灣,852PFL,香港柴灣盛泰道100號杏花新城212號舖
順豐站,鰂魚涌,852PEL,香港鰂魚涌芬尼街22-46號海暉大廈地下Q鋪
順豐站,西灣河,852PGL,香港西灣河興民街28-36號地下E舖A部份
順豐站,小西灣,852PHL,香港小西灣小西灣道9號富欣花園69號舖
順豐站,旺角,852BEL,九龍旺角登打士街56號柏裕商業中心16樓1626室
順豐站,旺角,852BAL,九龍旺角海泓道富榮花園2期地下38號舖
順豐站,旺角,852BDL,九龍旺角亞皆老街83號先達廣場2樓S105舖
順豐站,大角咀,852BFL,九龍大角咀惠安街3號中英樓地下6號舖
順豐站,石硤尾,852BCL,九龍石硤尾偉智里2號金玉大廈地下222號舖
順豐站,紅磡,852KAL,九龍紅磡寶其利街12號地下1A及2號舖(入口於黃埔街)
順豐站,紅磡,852KEL,九龍紅磡黃埔花園12期德康街3號家居庭地庫82舖
順豐站,何文田,852KBL,九龍何文田邨何文田廣場2樓206A舖
順豐站,土瓜灣,852KDL,九龍土瓜灣炮仗街178號興基豪園地下B舖
順豐站,土瓜灣,852KFL,九龍土瓜灣樂民新邨G座平台地下126號舖
順豐站,黃大仙,852HAL,九龍黃大仙龍翔道110號豪苑地下29A舖
順豐站,黃大仙,852HCL,九龍黃大仙竹園路15號竹園南邨竹園廣場2樓S215A舖
順豐站,藍田,852ACL,九龍藍田匯景道8號匯景廣場3樓4A20-22號舖
順豐站,藍田,852CKL,九龍藍田碧雲道廣田邨廣田商場1樓105號舖
順豐站,觀塘,852AFL,九龍觀塘牛頭角道300及302號裕民中心地下23號舖
順豐站,觀塘,852CNL*,九龍觀塘安達邨安達商場地下低層LG21號舖
順豐站,油塘,852AJL,九龍油塘大本型2樓229號舖
順豐站,深水埗,852DAL,九龍深水埗青山道155-181號天悅廣場地下B3舖
順豐站,深水埗,852BGL,九龍深水埗西邨路富昌邨富昌商場1樓122號舖
順豐站,美孚,852DBL,九龍荔枝角長順街20號時豐中心3樓4室
順豐站,荔枝角,852DCL,九龍荔枝角荔枝角道863號泓景臺泓景匯地下2A舖
順豐站,長沙灣,852DDL,九龍長沙灣幸祥街8號幸福邨幸福商場地下6號舖
順豐站,九龍灣,852HBL,九龍九龍灣牛頭角道3號得寶商場1樓209號舖
順豐站,九龍灣,852HFL,九龍九龍灣宏光道80號麗晶花園1樓129號舖
順豐站,慈雲山,852HDL,九龍慈雲山毓華街23號慈樂邨慈雲山中心6樓652B號舖
順豐站,九龍城,852KCL,九龍九龍城衙前塱道3-13號大華大廈地下13號舖
順豐站,牛頭角,852CML,九龍牛頭角觀塘花園玉蓮臺2座地下1號舖
順豐站,牛頭角,852HGL,九龍牛頭角安基苑安基商場1樓131A號舖
順豐站,將軍澳,852AAL,新界將軍澳毓雅里9號慧安園商場地下A4號舖
順豐站,將軍澳,852ABL,新界將軍澳唐俊街11號寶盈花園商場地下S8B號舖
順豐站,將軍澳,852AIL,新界將軍澳坑口常寧路10號安寧花園1座地下1號舖
順豐站,將軍澳,852CLL,新界將軍澳唐明街2號尚德邨尚德廣場2樓215號舖
順豐站,將軍澳,852CPL,新界將軍澳坑口海悅豪園UG17號舖
順豐站,西貢,852AHL,新界西貢宜春街66號地下10號舖
順豐站,馬鞍山,852FDL,新界馬鞍山新港城第一期A及B座地下21號舖
順豐站,馬鞍山,852NEL,新界馬鞍山沙安街23號利安邨利安商場LG/1樓113號舖
順豐站,馬鞍山,852NML,新界馬鞍山鞍駿街1號馬鞍山中心地下A15舖
順豐站,馬鞍山,852NGL,新界馬鞍山海濱鞍駿街15號雅濤居購物商場1樓15號舖
順豐站,大圍,852FEL,新界大圍積福街4號地下E舖
順豐站,大圍,852FVL,新界大圍富田里雲疊花園商場地下3A號舖
順豐站,大圍,852NBL,新界沙田車公廟道69號顯徑邨顯徑商場1樓203號舖
順豐站,大埔,852FCL,新界大埔安慈路4號昌運中心地下A5舖
順豐站,大埔,852NCL,新界大埔廣福邨廣仁樓地下S13號舖
順豐站,大埔,852NHL,新界大埔太和路15號太和中心地下30號舖
順豐站,大埔,852NLL,新界大埔富善商場1樓 F122B舖
順豐站,沙田,852FML,新界沙田港鐵石門站SHM 9號舖 (入閘區大堂)
順豐站,沙田,852FSL,新界沙田百得街置富第一城樂薈地下G41號舖
順豐站,沙田,852NAL,新界沙田乙明邨街市地下攤檔18號
順豐站,沙田,852NJL,新界沙田瀝源街6號瀝源邨華豐樓地下ST5號舖
順豐站,屯門,852FAL,新界屯門屯利街1號華都花園商場地下29舖
順豐站,屯門,852FFL,新界屯門良德街9號盈豐商場1樓B29B舖
順豐站,屯門,852FNL,新界屯門港鐵兆康站SIH 1號舖 (E出口)
順豐站,屯門,852UAL,新界屯門湖翠路138號啟豐園商場地下36號舖
順豐站,屯門,852UDL,新界屯門井財街11號仁愛大廈地下9號舖
順豐站,屯門,852UEL,新界屯門鄉事會路2A安定邨安定商場地下A135-A136號舖
順豐站,元朗,852FGL,新界元朗合益路72號新景樓地下F舖
順豐站,元朗,852FLL,新界元朗屏會街9號同發大廈地下F鋪連閣樓
順豐站,元朗,852UBL,新界元朗洪水橋盈福街11號洪福樓地下A舖
順豐站,元朗,852UFL,新界元朗鳳攸南街3號好順景大廈地下27舖
順豐站,元朗,852UGL,新界元朗元朗安興街59-67號安泰樓地下3號舖
順豐站,元朗,852UHL,新界元朗水車館街28號萬金中心地下1A號鋪
順豐站,粉嶺,852FHL,新界粉嶺新運路38號祥華邨祥頌樓G111-112舖
順豐站,粉嶺,852FJL,新界粉嶺一鳴路15號碧湖花園碧湖商場地下1號
順豐站,粉嶺,852NFL,新界粉嶺聯和墟和泰街17號地下A舖
順豐站,上水,852FIL,新界上水龍琛路33號龍豐花園龍豐廣場65舖
順豐站,上水,852FTL,新界上水彩園路彩園邨彩珠樓地下117號舖
順豐站,上水,852NDL,新界上水馬會道148A號地下10A舖
順豐站,荃灣,852GDL,新界荃灣青山公路264-298號南豐中心12樓1243號室
順豐站,荃灣,852GEL,新界荃灣荃豐中心2樓2號舖
順豐站,葵涌,852LAL,新界葵涌榮芳路9號恒景花園恒景商場地下G16舖
順豐站,葵涌,852LBL,新界葵涌大隴街129-151號葵都大廈地下7號舖
順豐站,葵涌,852LCL,新界葵涌葵富路7-11號葵涌廣場地下53A號舖
順豐站,天水圍,852FKL,新界天水圍天恩路12-18 號置富嘉湖1期186號舖
順豐站,天水圍,852FBL,新界天水圍天湖路1號嘉湖新北江商場地下A98 -99號舖
順豐站,天水圍,852UCL,新界天水圍天瑞路71-77號天澤商場3樓303舖
順豐站,天水圍,852UJL,新界天水圍天秀路8號天一商城3樓3007號鋪
順豐站,青衣,852GCL,新界青衣青敬路77號海悅花園地下18號舖
順豐站,青衣,852GKL,新界青衣青康路12號長康商場二期3樓303號舖
順豐站,東涌,852GBL,新界東涌逸東街8號逸東邨逸東商場2樓207號舖
順豐站,荔景,852DEL,新界荔景荔景邨明景樓地下4號舖
順豐站,荔景,852DFL,新界荔景景荔徑8號盈暉薈1樓101號舖
順便智能櫃,天水圍,H852UA02P,新界天水圍天華路30-33號T Town南座地下順便智能櫃
順便智能櫃,天水圍,H852UA12P,新界天水圍天瑞路天恩商場一樓順便智能櫃
順便智能櫃,天水圍,H852UA24P,新界天水圍天恩路2號栢慧豪園會所順便智能櫃(只供住戶使用)*
順便智能櫃,天水圍,H852UA29P,新界天水圍天湖路1號新北江商場一樓D8R1號舖順便智能櫃
順便智能櫃,天水圍,H852UA36P,新界天水圍天華路天晴邨晴彩樓地下順便智能櫃+
順便智能櫃,天水圍,H852UA46P,新界天水圍天湖路天耀廣場地下順便智能櫃+
順便智能櫃,天水圍,H852UA54P,新界天水圍天秀路15號天富苑A座元富閣地下順便智能櫃+
順便智能櫃,天水圍,H852UA55P,新界天水圍天秀路15號天富苑Q座雅富閣地下順便智能櫃+
順便智能櫃,元朗,H852U011P,新界元朗青山公路洪水橋段600號尚城地下順便智能櫃(只供住戶使用)*
順便智能櫃,元朗,H852U057P,新界元朗青山公路洪水橋段512號蔚林A區會所地下順便智能櫃(只供住戶使用)*
順便智能櫃,元朗,H852UA06P,新界元朗朗屏路1號朗屏商場二樓順便智能櫃
順便智能櫃,元朗,H852UA07P,新界元朗合財街33號合益商場一樓12號舖順便智能櫃
順便智能櫃,元朗,H852UA08P,新界元朗鳳群街11-15號萬豐大廈地下G56號舖順便智能櫃
順便智能櫃,元朗,H852UA09P,新界元朗泰豐街27-29號東昇樓地下D號舖(LaundrYup洗衣店)順便智能櫃
順便智能櫃,元朗,H852UA10P,新界元朗錦田公路183號四季名園地下順便智能櫃(只供住戶使用)*
順便智能櫃,元朗,H852UA11P,新界元朗錦田公路14號祠堂村地下順便智能櫃
順便智能櫃,元朗,H852UA23P,新界元朗錦上路157號四季豪園地下順便智能櫃(只供住戶使用)*
順便智能櫃,元朗,H852UA25P,新界元朗媽廟路17號水邊圍邨湖水樓地下順便智能櫃+
順便智能櫃,元朗,H852UA26P,新界元朗鳳琴街15-21號鴻運中心地下11號舖(LaundrYup洗衣店)順便智能櫃+
順便智能櫃,元朗,H852UA31P,新界元朗高埔村映堤103地下順便智能櫃
順便智能櫃,元朗,H852UA35P,新界元朗元龍街9號YoHo midtown第三座五樓平台順便智能櫃(只供住戶使用)*+
順便智能櫃,元朗,H852UA39P,新界元朗朗日街9號Grand YOHO二座五樓平台順便智能櫃(只供住戶使用)*+
順便智能櫃,元朗,H852UA40P,新界元朗朗日街9號Grand YOHO八座五樓平台順便智能櫃(只供住戶使用)*+
順便智能櫃,元朗,H852UA43P,新界元朗媽橫路66-89號幸福樓四期地下8-9號舖(全日洗洗衣店)順便智能櫃
順便智能櫃,元朗,H852UA44P,新界元朗安興街50號好彩洋樓K2舖(全日洗洗衣店)順便智能櫃
順便智能櫃,元朗,H852UA60P,新界元朗鳳琴街22號金龍樓商場地下走廊順便智能櫃+
順便智能櫃,元朗,H852UA62P,新界元朗青山公路元朗段123號開心廣場二樓順便智能櫃
順便智能櫃,屯門,H852U001P,新界屯門良運街3號建生商場地下順便智能櫃
順便智能櫃,屯門,H852U003P,新界屯門屯貴路9號富泰商場二樓順便智能櫃
順便智能櫃,屯門,H852U004P,新界屯門鳴琴路1號山景商場二樓順便智能櫃
順便智能櫃,屯門,H852U005P,新界屯門青河坊3號利寶商場地下99號舖(全日洗洗衣店)順便智能櫃
順便智能櫃,屯門,H852U007P,新界屯門景新徑2號景新臺地下順便智能櫃
順便智能櫃,屯門,H852U009P,新界屯門管青路2號愛琴海岸停車場順便智能櫃(只供住戶使用)*
順便智能櫃,屯門,H852U010P,新界屯門龍門路43號龍門居商場地下18號舖(水漾衣坊)順便智能櫃
順便智能櫃,屯門,H852U012P,新界屯門青山公路青山灣351號彩華花園地下24D號舖(水漾衣坊)順便智能櫃
順便智能櫃,屯門,H852U013P,新界屯門屯喜路2號屯門栢麗廣場地下順便智能櫃
順便智能櫃,屯門,H852U014P,新界屯門湖翠路2號美樂花園一樓(迪高保齡球館)順便智能櫃
順便智能櫃,屯門,H852U019P,新界屯門青海圍2號萬寶大廈商場地下84號舖順便智能櫃
順便智能櫃,屯門,H852U020P,新界屯門海榮路22號屯門中央廣場商場地下順便智能櫃
順便智能櫃,屯門,H852U021P,新界屯門海榮路22號屯門中央廣場寫字樓地下順便智能櫃
順便智能櫃,屯門,H852U022P,新界屯門瑜翠街9號瑜翠園二座平台順便智能櫃(只供住戶使用)*+
順便智能櫃,屯門,H852U027P,新界屯門青榕街1號海景花園第八座地下順便智能櫃(只供住戶使用)*+
順便智能櫃,屯門,H852U028P,新界屯門湖翠路138號啟豐園二座地下順便智能櫃(只供住戶使用)*
順便智能櫃,屯門,H852U030P,新界屯門龍門路55-65號新屯門中心廣場L2層33號舖順便智能櫃
順便智能櫃,屯門,H852U032P,新界屯門屯利街2號新都廣場地下109B號舖順便智能櫃
順便智能櫃,屯門,H852U033P,新界屯門龍門路45號富健花園停車場缷貨區地下順便智能櫃+
順便智能櫃,屯門,H852U034P,新界屯門湖翠路201號兆禧苑商場一樓順便智能櫃
順便智能櫃,屯門,H852U037P,新界屯門湖秀街2號悅湖山莊九座地下順便智能櫃+
順便智能櫃,屯門,H852U038P,新界屯門湖秀街2號悅湖山莊十二座地下順便智能櫃+
順便智能櫃,屯門,H852U041P,新界屯門龍逸邨健龍樓地下順便智能櫃+
順便智能櫃,屯門,H852U042P,新界屯門青山公路53號(新墟段)幸福樓三期地下4號舖順便智能櫃
順便智能櫃,屯門,H852U045P,新界屯門龍門路55-65號新屯門中心L4層電梯大堂出口側順便智能櫃(只供住戶使用)*+
順便智能櫃,屯門,H852U047P,新界屯門湖山路2-26號兆山苑樺景閣地下順便智能櫃+
順便智能櫃,屯門,H852U048P,新界屯門屯門鄉事會路122號至140號雅都花園商場地下(1號位置)順便智能櫃
順便智能櫃,屯門,H852U049P,新界屯門屯門鄉事會路122號至140號雅都花園商場地下(2號位置)順便智能櫃+
順便智能櫃,屯門,H852U050P,新界屯門湖翠路168-236號海翠花園地下西大堂順便智能櫃+
順便智能櫃,屯門,H852U051P,新界屯門屯門鄉事會路83號V City商場MTR層順便智能櫃+
順便智能櫃,屯門,H852U056P,新界屯門青柏徑6號鹿苑地下11號舖(全日洗洗衣店)順便智能櫃
順便智能櫃,屯門,H852U058P,新界屯門龍門路43號龍門居停車場大樓地下1號升降機旁順便智能櫃+
順便智能櫃,屯門,H852U059P,新界屯門建泰街6號恒威工業中心C座二樓順便智能櫃+
順便智能櫃,屯門,H852U061P,新界屯門仁愛堂街32號蘭苑地下14號舖(全日洗洗衣店)順便智能櫃
順便智能櫃,屯門,H852U063P,新界屯門屯門鄉事會路83號瓏門三樓1號穿梭升降機大堂順便智能櫃(只供住戶使用)*
順便智能櫃,屯門,H852U064P,新界屯門天后路18號南豐工業城中央服務大樓三樓順便智能櫃
順便智能櫃,東涌,H852G006P,新界東涌富東街6號富東廣場二樓順便智能櫃
順便智能櫃,東涌,H852G018P,新界東涌健東路1號映灣薈地下C03順便智能櫃+
順便智能櫃,梅窩,H852Q001P,新界大嶼山梅窩碼頭地下收費區內順便智能櫃
順便智能櫃,沙田,H852FE03P,新界沙田銀城街11-23號愉田苑F座愉悅閣地下順便智能櫃
順便智能櫃,沙田,H852FE09P,新界沙田水泉澳廣場二樓221舖順便智能櫃+
順便智能櫃,沙田,H852FE10P,新界沙田正街218號新城市廣場第三期B1層電梯大堂順便智能櫃(只供住戶使用)*+
順便智能櫃,沙田,H852FB12P,新界沙田安群街3號京瑞廣場一期一樓101號舖旁順便智能櫃+
順便智能櫃,沙田,H852FE14P,新界沙田沙角街6號博康邨博安樓地下順便智能櫃+
順便智能櫃,沙田,H852FE15P,新界沙田沙角街6號博康邨博裕樓地下順便智能櫃+
順便智能櫃,沙田,H852FE16P,新界沙田大涌橋路52號富豪花園商場一樓順便智能櫃+
順便智能櫃,大圍,H852FE01P,新界大圍美田路30號美林商場一樓順便智能櫃
順便智能櫃,大圍,H852FE04P,新界大圍翠田街2號新翠商場二樓順便智能櫃
順便智能櫃,大圍,H852FE06P,新界大圍香粉寮街美田商場二樓順便智能櫃+
順便智能櫃,大圍,H852FE08P,新界大圍車公廟道69號顯徑商場地下順便智能櫃
順便智能櫃,大圍,H852FE18P,新界大圍翠田街5-7號金獅花園一期E座地下順便智能櫃(只供住戶使用)*+
順便智能櫃,青衣,H852GC01P,新界青衣青衣航運路36號順豐大廈九樓順便智能櫃+
順便智能櫃,青衣,H852GC02P,新界青衣青衣航運路36號順豐大廈地下順便智能櫃
順便智能櫃,青衣,H852GC04P,新界青衣寮肚路6號長亨商場底層一樓順便智能櫃
順便智能櫃,青衣,H852GC05P,新界青衣寮肚路9號長宏商場地下順便智能櫃
順便智能櫃,青衣,H852GC13P,新界青衣細山路2-16號美景花園商場地下103號舖(水漾衣坊)順便智能櫃
順便智能櫃,青衣,H852GC15P,新界青衣青綠街1號偉景花園商場地下順便智能櫃
順便智能櫃,青衣,H852GC16P,新界青衣擔桿山路6號長發廣場二樓順便智能櫃
順便智能櫃,青衣,H852GC21P,新界青衣長青邨青槐樓市場入口順便智能櫃+
順便智能櫃,青衣,H852GC28P,新界青衣楓樹窩路1號翠怡商場一樓順便智能櫃
順便智能櫃,上水,H852A008P,新界上水龍琛路48號上水匯四樓順便智能櫃+
順便智能櫃,上水,H852A016P,新界上水清河邨清澤樓地下順便智能櫃+
順便智能櫃,上水,H852A017P,新界上水祥龍圍邨呈祥樓地下順便智能櫃+
順便智能櫃,粉嶺,H852A003P,新界粉嶺華明路22號雍盛商場一樓順便智能櫃
順便智能櫃,粉嶺,H852A005P,新界粉嶺百和路88號花都購物廣場地下124號舖(水漾衣坊)順便智能櫃
順便智能櫃,粉嶺,H852A006P,新界粉嶺馬適路1號逸峰廣場地下G19號舖順便智能櫃+
順便智能櫃,粉嶺,H852A012P,新界粉嶺置嘉里8號嘉福商場地下順便智能櫃+
順便智能櫃,大埔,H852AA02P,新界大埔曉運路10號運頭塘商場地下順便智能櫃
順便智能櫃,大埔,H852AA04P,新界大埔太和路12號太和廣場一樓順便智能櫃
順便智能櫃,大埔,H852AA06P,新界大埔圍頭村163號地下(寵物國度)順便智能櫃
順便智能櫃,大埔,H852AA09P,新界大埔安埔路12號富善邨善群樓地下順便智能櫃+
順便智能櫃,大埔,H852AA10P,新界大埔北盛街19號熙泰樓地下B號舖順便智能櫃+
順便智能櫃,大埔,H852AA13P,新界大埔梅樹坑路8號帝欣苑一期停車場順便智能櫃(只供住戶使用)*
順便智能櫃,大埔,H852AA14P,新界大埔頌雅路6號富亨商場地下順便智能櫃+
順便智能櫃,大埔,H852AA18P,新界大埔安邦路8及10號大埔超級城C區二樓順便智能櫃+
順便智能櫃,大埔,H852AA19P,新界大埔大明里29-39號金福樓地下A3-1號舖(365 Laundry)順便智能櫃+
順便智能櫃,大埔,H852AA20P,新界大埔太和邨安和樓地下順便智能櫃+
順便智能櫃,大埔,H852AA21P,新界大埔太和邨亨和樓地下順便智能櫃+
順便智能櫃,大埔,H852AA23P,新界大埔寶鄉街1號寶鄉邨寶順樓地下順便智能櫃+
順便智能櫃,大埔,H852AA24P,新界大埔露輝路33號嘉豐花園地下(村巴站)順便智能櫃(只供住戶使用)*+
順便智能櫃,大埔,H852AA26P,新界大埔鄉事會街9號大日子廣場二樓順便智能櫃
順便智能櫃,大埔,H852AA27P,新界大埔鄉事會街9號大日子廣場三樓順便智能櫃
順便智能櫃,大窩口,H852G023P,新界大窩口大窩口道15號大窩口第二商場地下LK01位置順便智能櫃+
順便智能櫃,大窩口,H852GA07P,新界大窩口荃華街3號悅來坊地下順便智能櫃
順便智能櫃,葵涌,H852D008P,新界葵涌敬祖路祖堯坊A&B座平台103號舖順便智能櫃+
順便智能櫃,葵涌,H852LA01P,新界葵涌青山公路葵涌段412-416號葵星中心商場地下順便智能櫃
順便智能櫃,葵涌,H852LA02P,新界葵涌油麻磡路63號昇柏山地下順便智能櫃(只供住戶使用)*
順便智能櫃,葵涌,H852LA03P,新界葵涌和宜合道26-30號和宜商場地下3號舖順便智能櫃
順便智能櫃,葵涌,H852LA05P,新界葵涌梨木道120號石蔭商場LG2層順便智能櫃
順便智能櫃,葵涌,H852LA06P,新界葵涌和宜合道144號瑞景大廈地下18號鋪(全日洗洗衣店)順便智能櫃+
順便智能櫃,葵涌,H852LA07P,新界葵涌石蔭商場地下順便智能櫃
順便智能櫃,葵涌,H852LB01P,新界葵涌葵盛圍63號葵盛東商場一樓順便智能櫃
順便智能櫃,荃灣,H852G009P,新界荃灣荃景圍208號荃德花園地下13B1號舖(水漾衣坊)順便智能櫃
順便智能櫃,荃灣,H852G010P,新界荃灣海盛路22-30號祈德尊新邨商場一樓順便智能櫃
順便智能櫃,荃灣,H852G014P,新界荃灣青山公路633號灣景花園商埸低層一樓(奇樂保齡天地)順便智能櫃
順便智能櫃,荃灣,H852G017P,新界荃灣青山公路荃灣段388號中國染廠大廈三樓順便智能櫃+
順便智能櫃,荃灣,H852G019P,新界荃灣大河道18號登發大廈地皇廣場二樓261號舖內順便智能櫃
順便智能櫃,荃灣,H852G020P,新界荃灣麗順路2號麗城花園運動場外地下電梯大堂順便智能櫃
順便智能櫃,荃灣,H852G022P,新界荃灣安逸街16號荃威花園三期J座炮樓6樓順便智能櫃
順便智能櫃,荃灣,H852GA01P,新界荃灣青山公路15-23號荃灣花園商場一樓(迪高保齡球館)順便智能櫃
順便智能櫃,荃灣,H852GA12P,新界荃灣怡康街2-12號海濱花園平台102B號舖(水漾衣坊)順便智能櫃
順便智能櫃,荃灣,H852GA26P,新界荃灣灰窰角街28號美德大廈停車場地下順便智能櫃+
順便智能櫃,荃灣,H852GA27P,新界荃灣大陂坊21號泰華大廈地下5號舖(365 Laundry)順便智能櫃
順便智能櫃,荃灣,H852GC24P,新界荃灣青山公路汀九段6號翠景臺平台順便智能櫃(只供住戶使用)*
順便智能櫃,荃灣,H852GC25P,新界荃灣半山街10-16號富華工業大廈地下停車場入口順便智能櫃+
順便智能櫃,荃灣,H852LA04P,新界荃灣象鼻山路象山邨翠山樓平台順便智能櫃+
順便智能櫃,馬灣,H852GC08P,新界馬灣珀麗路8號珀麗灣碼頭地下順便智能櫃
順便智能櫃,愉景灣,H852G011P,新界愉景灣愉景灣道92&96號愉景廣場一樓順便智能櫃
順便智能櫃,將軍澳,H852CC03P,新界將軍澳毓雅里9號慧安園商場一樓B5號舖順便智能櫃
順便智能櫃,將軍澳,H852CC13P,新界將軍澳石角路8號峻瀅一期地下順便智能櫃(只供峻瀅一期住戶使用)*
順便智能櫃,將軍澳,H852CC15P,新界將軍澳寶康路100號地下(SHELL油站)順便智能櫃
順便智能櫃,將軍澳,H852CC18P,新界將軍澳常寧路2號TKO Gateway地下順便智能櫃
順便智能櫃,將軍澳,H852CC20P,新界將軍澳寶康路108號廣明苑廣昌閣地下順便智能櫃+
順便智能櫃,將軍澳,H852CC24P,新界將軍澳翠林路 11 號翠林商場三樓順便智能櫃
順便智能櫃,將軍澳,H852CC25P,新界將軍澳彩明街彩明苑彩耀閣側近隧道順便智能櫃+
順便智能櫃,將軍澳,H852CC26P,新界將軍澳寶琳北路1號康盛花園三座地下L & M順便智能櫃+
順便智能櫃,將軍澳,H852CC27P,新界將軍澳寶琳北路18號寶林商場二樓LK01位置順便智能櫃
順便智能櫃,將軍澳,H852CC35P,新界將軍澳石角路6號峻瀅二期B座地下順便智能櫃(只供峻瀅二期住戶使用)*+
順便智能櫃,將軍澳,H852CC37P,新界將軍澳唐俊街11號寶盈花園商場一樓順便智能櫃
順便智能櫃,將軍澳,H852CC39P,新界將軍澳寶琳北路1號康盛花園商場一樓111號舖(洗衣寶)順便智能櫃+
順便智能櫃,將軍澳,H852CC40P,新界將軍澳蓬萊路8號清水灣半島會所一樓順便智能櫃(只供住戶使用)*
順便智能櫃,西貢,H852CC14P,新界西貢清水灣道1111號三育書院地下順便智能櫃(只供住戶使用)*
順便智能櫃,西貢,H852CC17P,新界西貢翠塘路1號翠塘花園第五座地下順便智能櫃(只供住戶使用)*+
順便智能櫃,西貢,H852CC29P,新界西貢科技大學LG3層順便智能櫃(只供科技大學成員使用)*
順便智能櫃,西貢,H852CC30P,新界西貢科技大學LG4層順便智能櫃(只供科技大學成員使用)*
順便智能櫃,馬鞍山,H852FE02P,新界馬鞍山錦英路6號富寶花園商場一樓F20號舖順便智能櫃
順便智能櫃,馬鞍山,H852FE05P,新界馬鞍山錦英路9號錦英商場二樓順便智能櫃+
順便智能櫃,馬鞍山,H852FE07P,新界馬鞍山西沙路632號頌安商場地下順便智能櫃
順便智能櫃,馬鞍山,H852FE13P,新界馬鞍山恆錦街1號恆安邨恆峰樓地下順便智能櫃+
順便智能櫃,馬鞍山,H852FE17P,新界馬鞍山鞍駿街23號迎濤灣廣場一樓順便智能櫃+
順便智能櫃,馬鞍山,H852FE21P,新界馬鞍山恆康街2號耀安邨耀和樓天橋順便智能櫃+
順便智能櫃,觀塘,H852C001P,九龍觀塘利安道15號順利商場一期三樓順便智能櫃
順便智能櫃,觀塘,H852CA06P,九龍觀塘開源道55號開聯工業中心A座地下(食民營)順便智能櫃
順便智能櫃,觀塘,H852CA19P,九龍觀塘興業街4號The Wave一樓順便智能櫃
順便智能櫃,觀塘,H852CB16P,九龍觀塘牛頭角道300-302號裕民中心裕民薈一樓145號舖順便智能櫃
順便智能櫃,觀塘,H852CB21P,九龍觀塘嘉樂街22號地下A號舖(LaundrYup洗衣店)順便智能櫃
順便智能櫃,觀塘,H852CB22P,九龍觀塘觀塘道370 號創紀之城三期地下順便智能櫃+
順便智能櫃,觀塘,H852CB23P,九龍觀塘觀塘道388 號創紀之城一期地下郵政房內順便智能櫃+
順便智能櫃,觀塘,H852CB34P,九龍觀塘通明街80號地下(水漾衣坊)順便智能櫃
順便智能櫃,觀塘,H852CC32P,九龍觀塘寶琳路2號寶達商場一樓LK01位置順便智能櫃
順便智能櫃,觀塘,H852CD31P,九龍觀塘觀塘道418號創紀之城五期APM地庫一樓順便智能櫃+
順便智能櫃,觀塘,H852H009P,九龍觀塘牛頭角下邨貴新樓地下順便智能櫃+
順便智能櫃,秀茂坪,H852C036P,九龍秀茂坪秀明道秀茂坪商場三樓LK02位置順便智能櫃
順便智能櫃,藍田,H852CA04P,九龍藍田茶果嶺道88號麗港城商場一樓順便智能櫃
順便智能櫃,藍田,H852CA10P,九龍藍田麗港街10號麗港城第四期一樓順便智能櫃
順便智能櫃,藍田,H852CC02P,九龍藍田啟田道50號啟田商場新翼地下順便智能櫃
順便智能櫃,油塘,H852CA07P,九龍油塘鯉魚門道80號鯉魚門廣場底層一樓順便智能櫃
順便智能櫃,油塘,H852CA08P,九龍油塘油塘道9號油麗商場二樓順便智能櫃
順便智能櫃,油塘,H852CA33P,九龍油塘鯉魚門道56號油翠苑地下電梯大堂(油塘邨方向)順便智能櫃+
順便智能櫃,油塘,H852CA41P,九龍油塘油塘道9號油麗邨豐麗樓LG1層順便智能櫃+
順便智能櫃,九龍灣,H852H001P,九龍九龍灣牛頭角道77號淘大商場一樓順便智能櫃
順便智能櫃,九龍灣,H852H005P,九龍九龍灣牛頭角道3號得寶商場一樓TA01號舖順便智能櫃
順便智能櫃,九龍灣,H852H006P,九龍九龍灣宏光道80號麗晶花園十三座地下順便智能櫃+
順便智能櫃,九龍灣,H852H008P,九龍九龍灣牛頭角道33號宏光樓地下11B號舖順便智能櫃+
順便智能櫃,九龍灣,H852H010P,九龍九龍灣啟業道28號啟泰苑啟康閣地下順便智能櫃
順便智能櫃,牛頭角,H852CB05P,九龍牛頭角定業街18號地下(陽光洗衣店)順便智能櫃
順便智能櫃,牛頭角,H852H003P,九龍牛頭角彩霞道18號彩霞邨彩月樓地下順便智能櫃
順便智能櫃,牛頭角,H852H004P,九龍牛頭角彩榮路彩德商場五樓順便智能櫃+
順便智能櫃,牛頭角,H852H007P,九龍牛頭角振華道70號樂華商場二樓順便智能櫃
順便智能櫃,牛頭角,H852H012P,九龍牛頭角振華道50號樂雅苑F座地下順便智能櫃
順便智能櫃,彩虹,H852J005P,九龍彩虹清水灣道45號彩雲商場二樓順便智能櫃
順便智能櫃,彩虹,H852J008P,九龍彩虹彩虹邨金碧樓街市地下順便智能櫃+
順便智能櫃,彩虹,H852J009P,九龍彩虹坪石邨玉石樓平台順便智能櫃+
順便智能櫃,彩虹,H852J015P,九龍彩虹豐盛街32號瓊山苑F座地下順便智能櫃+
順便智能櫃,慈雲山,H852J001P,九龍慈雲山雙鳳街50號地下(全日洗洗衣店)順便智能櫃
順便智能櫃,慈雲山,H852J014P,九龍慈雲山欣華街12號慈安苑安康閣地下順便智能櫃+
順便智能櫃,紅磡,H852K001P,九龍紅磡新柳街12號地下(菁美潔衣舍)順便智能櫃
順便智能櫃,紅磡,H852K002P,九龍紅磡漆咸道北388號昇御商場一樓順便智能櫃
順便智能櫃,紅磡,H852K005P,九龍紅磡佛光街1A-7號家維邨商場下層順便智能櫃
順便智能櫃,紅磡,H852K007P,九龍紅磡都會道6號置富都會八樓順便智能櫃
順便智能櫃,紅磡,H852K008P,九龍紅磡馬頭圍道37-39號紅磡商業中心地庫BC17號舖順便智能櫃
順便智能櫃,紅磡,H852K012P,九龍紅磡紅磡(北)碼頭地下順便智能櫃
順便智能櫃,紅磡,H852K016P,九龍紅磡溫思勞街57A-61號地下(紅茶館酒店)順便智能櫃+
順便智能櫃,紅磡,H852K017P,九龍紅磡鶴翔街8號維港中心二期一樓順便智能櫃
順便智能櫃,紅磡,H852K018P,九龍紅磡寶其利街121號地下B舖(LaundrYup洗衣店)順便智能櫃
順便智能櫃,紅磡,H852K021P,九龍紅磡老龍坑街17號寶安樓地下(Ewash)順便智能櫃+
順便智能櫃,旺角,H852B005P,九龍旺角彌敦道750號始創中心二樓順便智能櫃
順便智能櫃,旺角,H852B010P,九龍旺角彌敦道745-747號金都商場地下9號舖順便智能櫃
順便智能櫃,旺角,H852BB01P,九龍旺角彌敦道636號銀行中心廣場一樓順便智能櫃
順便智能櫃,旺角,H852BB13P,九龍旺角西洋菜南街2A銀城廣場地庫順便智能櫃
順便智能櫃,旺角,H852BB15P,九龍旺角渡船街301號地下A4號舖(Bluebird Laundry)順便智能櫃
順便智能櫃,大角咀,H852BA06P,九龍大角咀荔枝角道178號地下5號鋪(LaundrYup洗衣店)順便智能櫃
順便智能櫃,大角咀,H852BD06P,九龍大角咀海輝道8號浪澄灣商場UG層順便智能櫃
順便智能櫃,大角咀,H852BD09P,九龍大角咀通州街28號頌賢花園商場地下6號舖順便智能櫃
順便智能櫃,大角咀,H852BD19P,九龍大角咀洋松街16號地下(Sunshine 24洗衣店)順便智能櫃+
順便智能櫃,深水埗,H852BA02P,九龍深水埗欽州街94A號高登電腦中心一樓順便智能櫃
順便智能櫃,深水埗,H852BA04P,九龍深水埗醫局街164號地下(Sunshine 24洗衣店)順便智能櫃
順便智能櫃,深水埗,H852BA05P,九龍深水埗長沙灣道21-25號長豐商業大廈地下C1號舖(LaundrYup洗衣店)順便智能櫃
順便智能櫃,深水埗,H852BA17P,九龍深水埗欽州街8號金濤閣地下1號舖(365 Laundry)順便智能櫃
順便智能櫃,深水埗,H852BA18P,九龍深水埗石硤尾街2R號地下A號舖(洗衣寶)順便智能櫃+
順便智能櫃,深水埗,H852DA05P,九龍深水埗發祥街10號李鄭屋邨信義樓平台順便智能櫃
順便智能櫃,石硤尾,H852BA14P,九龍石硤尾窩仔街100號石硤尾邨服務設施大樓地下順便智能櫃+
順便智能櫃,土瓜灣,H852K003P,九龍土瓜灣落山道100號地下(水漾衣坊)順便智能櫃
順便智能櫃,土瓜灣,H852K004P,九龍土瓜灣馬頭角道33號欣榮花園商場地下順便智能櫃
順便智能櫃,土瓜灣,H852K010P,九龍土瓜灣啟明街11-19號旺德大廈地下3號舖(陽光洗衣店)順便智能櫃
順便智能櫃,土瓜灣,H852K011P,九龍土瓜灣靠背壟道120-160號樂民新村B座地下順便智能櫃
順便智能櫃,土瓜灣,H852K015P,九龍土瓜灣美景街31號地下(LaundrYup洗衣店)順便智能櫃+
順便智能櫃,土瓜灣,H852K019P,九龍土瓜灣宋皇臺道38號傲雲峰穿梭大堂三樓順便智能櫃(只供住戶使用)*
順便智能櫃,土瓜灣,H852K020P,九龍土瓜灣宋皇臺道38號傲雲峰停車場地下順便智能櫃(只供住戶使用)*+
順便智能櫃,土瓜灣,H852K022P,九龍土瓜灣馬頭角道116-118號新寶工商中心二期地下大堂順便智能櫃+
順便智能櫃,土瓜灣,H852K023P,九龍土瓜灣燕安街1號地下B舖(洗衣寶)順便智能櫃+
順便智能櫃,九龍城,H852H002P,九龍九龍城沐翠街晴朗商場地下A025號舖(陽光洗衣店)順便智能櫃
順便智能櫃,九龍城,H852H011P,九龍九龍城承啟道28號晴朗商場A區二樓A204號舖對出位置順便智能櫃+
順便智能櫃,九龍城,H852K013P,九龍九龍城九龍城碼頭地下順便智能櫃
順便智能櫃,美孚,H852D001P,九龍美孚美孚新邨三期平台77B1號舖(水漾衣坊)順便智能櫃
順便智能櫃,美孚,H852D010P,九龍美孚百老匯街69-119號美孚廣場地下G01位置順便智能櫃
順便智能櫃,美孚,H852D011P,九龍美孚景荔徑8號盈暉薈一樓順便智能櫃+
順便智能櫃,美孚,H852D012P,九龍美孚荔灣道10-16號萬事達廣場地下N59B3號舖順便智能櫃+
順便智能櫃,樂富,H852J002P,九龍樂富聯合道198號樂富廣場一樓順便智能櫃
順便智能櫃,樂富,H852J010P,九龍樂富聯合道198號樂富廣場一樓LK02位置順便智能櫃+
順便智能櫃,鑽石山,H852J003P,九龍鑽石山龍蟠街8號龍蟠苑商場二樓順便智能櫃
順便智能櫃,黃大仙,H852J004P,九龍黃大仙彩虹道121號啟德花園商場地下順便智能櫃
順便智能櫃,黃大仙,H852J007P,九龍黃大仙翠竹街6號鵬程苑A座地下順便智能櫃+
順便智能櫃,黃大仙,H852J011P,九龍黃大仙睦鄰街8號現崇山商場二樓LK01位置順便智能櫃+
順便智能櫃,黃大仙,H852J013P,九龍黃大仙竹園道55號天馬苑商場一樓順便智能櫃+
順便智能櫃,黃大仙,H852J017P,九龍黃大仙銀鳳街10號地下A舖 (2洗3洗衣店)順便智能櫃+
順便智能櫃,新蒲崗,H852J006P,九龍新蒲崗崇齡街33號新浦崗廣場二樓C23號舖順便智能櫃
順便智能櫃,新蒲崗,H852J012P,九龍新蒲崗富源街4號仁愛大廈地下L1號舖順便智能櫃
順便智能櫃,尖沙咀,H852E002P,九龍尖沙咀彌敦道132-134T號美麗華商場地庫二樓順便智能櫃
順便智能櫃,尖沙咀,H852E003P,九龍尖沙咀漆咸道南45-51號尖東堡其士大廈地下G15號舖順便智能櫃
順便智能櫃,尖沙咀,H852E004P,九龍尖沙咀河內道18號K11商場地庫一樓順便智能櫃
順便智能櫃,尖沙咀,H852E009P,九龍尖沙咀柯士甸道西1號環球貿易廣場UG層大堂順便智能櫃(只供ICC租戶使用)*+
順便智能櫃,尖沙咀,H852E010P,九龍尖沙咀漆咸道南79號中國五礦大廈貨梯大堂入口順便智能櫃+
順便智能櫃,尖沙咀,H852E011P,九龍尖沙咀金巴利道78號金輝閣地下D號舖(LaundrYup)順便智能櫃
順便智能櫃,尖沙咀,H852EB06P,九龍尖沙咀麼地道61號冠華中心地下G31號舖順便智能櫃+
順便智能櫃,尖沙咀,H852EB07P,九龍尖沙咀麼地道67號半島中心LG層順便智能櫃
順便智能櫃,油麻地,H852BB11P,九龍油麻地鴉打街6號地下(紅茶館酒店)順便智能櫃
順便智能櫃,油麻地,H852BB12P,九龍油麻地眾坊街3號駿發花園五座地下順便智能櫃
順便智能櫃,油麻地,H852BB21P,九龍油麻地窩打老道8號5樓商業中心順便智能櫃(只供住戶使用)*
順便智能櫃,油麻地,H852BB22P,九龍油麻地渡船街220號順利大廈B座地下(洗衣寶洗衣店)順便智能櫃+
順便智能櫃,油麻地,H852EA02P,九龍油麻地偉晴街82號偉業大廈地下7號舖(LaundrYup洗衣店)順便智能櫃
順便智能櫃,佐敦,H852EA05P,九龍佐敦文苑街1-23號文英樓地下A號舖(LaundrYup洗衣店)順便智能櫃
順便智能櫃,佐敦,H852EA08P,九龍佐敦官涌街24-30號喜滿懷大廈地下1C號舖(陽光洗衣店)順便智能櫃
順便智能櫃,何文田,H852BD08P,九龍何文田梭椏道3號地下(陽光洗衣店)順便智能櫃
順便智能櫃,何文田,H852K014P,九龍何文田忠孝街60號愛民廣場地下順便智能櫃+
順便智能櫃,長沙灣,H852DA02P,九龍長沙灣東京街12號麗閣商場地下順便智能櫃
順便智能櫃,長沙灣,H852DA03P,九龍長沙灣順寧道25A號薈悅地下2號舖(水漾衣坊)順便智能櫃
順便智能櫃,長沙灣,H852DA04P,九龍長沙灣荔枝角道863號泓景臺地下順便智能櫃
順便智能櫃,長沙灣,H852DA06P,九龍長沙灣荔枝角道873號一號西九龍一座二樓停車場大堂順便智能櫃(只供住戶使用)*+
順便智能櫃,長沙灣,H852DA07P,九龍長沙灣深盛路9號宇晴軒六樓平台順便智能櫃(只供住戶使用)*
順便智能櫃,長沙灣,H852DB01P,九龍長沙灣永康街9號地下順便智能櫃
順便智能櫃,荔枝角,H852D009P,九龍荔枝角寶輪街1號曼坊一樓順便智能櫃+
順便智能櫃,中環,H852M001P,香港中環六號渡輪碼頭一樓順便智能櫃
順便智能櫃,中環,H852M005P,香港中環西摩道2號高雲臺三樓會所順便智能櫃(只供住戶使用)*
順便智能櫃,中環,H852M011P,香港中環士丹頓街61號地舖順便智能櫃+
順便智能櫃,西環,H852MA02P,香港西環卑路乍街8號西寶城二樓順便智能櫃
順便智能櫃,西環,H852MA03P,香港西環干諾道西131-132號匯倫工商業大廈西環SOLO地下G80-81號舖順便智能櫃
順便智能櫃,西環,H852MA04P,香港西環卑路乍街5-5H號南雄大廈地下5B號舖(LaundrYup洗衣店)順便智能櫃
順便智能櫃,西環,H852MA05P,香港西環吉席街74號誠泰大廈地下74A號舖(LaundrYup洗衣店)順便智能櫃
順便智能櫃,西營盤,H852M010P,香港西營盤般咸道38號地下2A舖(LaundrYup洗衣店)順便智能櫃+
順便智能櫃,西營盤,H852MA12P,香港西營盤德輔道西273號均益大廈地下32A舖(LaundrYup洗衣店)順便智能櫃+
順便智能櫃,堅尼地城,H852MA13P,香港堅尼地城爹核士街9號聯基新樓地下(陽光洗衣店)順便智能櫃+
順便智能櫃,山頂,H852M008P,香港山頂和福道2-4號牛奶公司和福道購物中心地下順便智能櫃
順便智能櫃,上環,H852M009P,香港上環文咸東街50號地下G18號舖(LaundrYup洗衣店)順便智能櫃
順便智能櫃,上環,H852MA14P,香港上環東邊街11號地下(Sunshine 24)順便智能櫃+
順便智能櫃,灣仔,H852TC01P,香港灣仔軒尼詩道298號298電腦特區二樓351號舖順便智能櫃
順便智能櫃,灣仔,H852TC02P,香港灣仔灣仔道125號國泰88一樓F18號舖順便智能櫃
順便智能櫃,灣仔,H852TC17P,香港灣仔交加里7號永成大廈地下7B號鋪(自洗王國)順便智能櫃+
順便智能櫃,大坑,H852TD08P,香港大坑大坑徑25號龍華花園二座平台順便智能櫃(只供住戶使用)*
順便智能櫃,大坑,H852TD13P,香港大坑勵德邨道2-38號勵德邨邨榮樓停車場順便智能櫃
順便智能櫃,柴灣,H852PB01P,香港柴灣環翠道11號興華廣場一樓順便智能櫃+
順便智能櫃,柴灣,H852PB02P,香港柴灣柴灣道111號東港城廣場一樓81號舖順便智能櫃
順便智能櫃,柴灣,H852PB07P,香港柴灣柴灣道233號新翠商場四樓順便智能櫃
順便智能櫃,柴灣,H852PB13P,香港柴灣小西灣道38號富怡花園四座地下順便智能櫃(只供住戶使用)*+
順便智能櫃,柴灣,H852PB18P,香港柴灣柴灣道341號宏德居商場地下側門旁順便智能櫃+
順便智能櫃,西灣河,H852PA01P,香港西灣河太安街25號鯉景灣D段地下G07號舖(陽光洗衣店)順便智能櫃
順便智能櫃,西灣河,H852PA12P,香港西灣河太康街55號鯉景灣18A舖(Citywash)順便智能櫃
順便智能櫃,西灣河,H852PA14P,香港西灣河筲箕灣道234-238號福昇大廈地下4號舖(水漾衣坊)順便智能櫃
順便智能櫃,西灣河,H852PA16P,香港西灣河海晏街9-13號華昇大廈地下C2號舖(自洗王國)順便智能櫃+
順便智能櫃,西灣河,H852PA19P,香港西灣河太安街28號逸濤灣低層地下升降機大堂順便智能櫃(只供住戶使用)*+
順便智能櫃,鰂魚涌,H852PA02P,香港鰂魚涌康山道1-2號康怡廣場一樓順便智能櫃
順便智能櫃,鰂魚涌,H852PA03P,香港鰂魚涌英皇道993至997號萬利廣場低層K12號舖(因果緣)順便智能櫃
順便智能櫃,鰂魚涌,H852PA20P,香港鰂魚涌康柏徑10號康景花園B座地下順便智能櫃(只供住戶使用)*+
順便智能櫃,筲箕灣,H852PA06P,香港筲箕灣亞公岩道1-25A號明華大廈G座地下順便智能櫃
順便智能櫃,筲箕灣,H852PA09P,香港筲箕灣愛信道33號東濤苑A座曉濤閣地下順便智能櫃+
順便智能櫃,筲箕灣,H852PA17P,香港筲箕灣東大街2號麗東海景豪園地下11號舖(洗衣寶)順便智能櫃+
順便智能櫃,筲箕灣,H852PA23P,香港筲箕灣西灣河街23號富欣閣地下3號舖(陽光洗衣店)順便智能櫃+
順便智能櫃,天后,H852P022P,香港天后木星街1號公安樓地下1A號舖(LaundrYup洗衣店)順便智能櫃
順便智能櫃,北角,H852P004P,香港北角錦屏街29-35號東發大廈A座地下31號舖(LaundrYup洗衣店)順便智能櫃+
順便智能櫃,北角,H852P008P,香港北角北角(西)碼頭地下收費區內候船室順便智能櫃
順便智能櫃,北角,H852P010P,香港北角堡壘街21-23號地下F1B號舖(陽光洗衣店)順便智能櫃+
順便智能櫃,北角,H852P011P,香港北角木星街3號澤盈中心 地下順便智能櫃+
順便智能櫃,北角,H852PA05P,香港北角七姊妹道健康村二期下層地下順便智能櫃
順便智能櫃,銅鑼灣,H852T006P,香港銅鑼灣軒尼詩道505號電業城SOLO地庫一樓B06號舖順便智能櫃
順便智能櫃,銅鑼灣,H852TD03P,香港銅鑼灣告士打道311號皇室大廈十樓順便智能櫃
順便智能櫃,銅鑼灣,H852TD05P,香港銅鑼灣怡和街地下22號舖(CSL旗艦店)順便智能櫃
順便智能櫃,銅鑼灣,H852TD07P,香港銅鑼灣新會道6-10號京城大廈SOLO地下G102-103號舖順便智能櫃
順便智能櫃,銅鑼灣,H852TD12P,香港銅鑼灣百德新街2-20號恒隆中心地庫順便智能櫃+
順便智能櫃,銅鑼灣,H852TD14P,香港銅鑼灣怡和街68號百利保廣場一樓順便智能櫃
順便智能櫃,銅鑼灣,H852TD15P,香港銅鑼灣掃桿埔大球場徑一號奧運大樓一樓順便智能櫃+
順便智能櫃,香港仔,H852TB09P,香港香港仔香港仔大道223-227號福群大廈地下30號舖(Sunshine 24)順便智能櫃
順便智能櫃,香港仔,H852TB11P,香港香港仔漁光道68號石排灣商場LG1層4號舖順便智能櫃+
順便智能櫃,香港仔,H852TB18P,香港香港仔華富(二)邨商場五樓7-12號鋪對面順便智能櫃+
順便智能櫃,香港仔,H852TB19P,香港香港仔南寧街9號香港仔中心二期二樓10C號舖順便智能櫃
順便智能櫃,鴨脷洲,H852TB02P,香港鴨脷洲利東邨道5號利東商場地庫一樓順便智能櫃
順便智能櫃,鴨脷洲,H852TB04P,香港鴨脷洲海怡路12A號海怡西商場二樓順便智能櫃
順便智能櫃,長洲,H852M006P,新界長洲大新橫街78號地下(橫店百貨)順便智能櫃